Date Created,Number of Likes,Source of Tweet,Tweet,Location,Number of Retweets,#hashtags
2023-02-27 03:01:37+00:00,41194,Twitter for iPhone,is there any other way to be? https://t.co/P0ntNjem8g,,3181,"{'hashtags': [], 'symbols': [], 'user_mentions': [], 'urls': [{'url': 'https://t.co/P0ntNjem8g', 'expanded_url': 'https://twitter.com/SpencerAlthouse/status/1630015201180278785', 'display_url': 'twitter.com/SpencerAlthous‚Ä¶', 'indices': [30, 53]}]}"
2023-01-06 23:48:42+00:00,19234,Twitter Web App,I prefer screams of agony. https://t.co/UDwZskDOmX,,926,"{'hashtags': [], 'symbols': [], 'user_mentions': [], 'urls': [{'url': 'https://t.co/UDwZskDOmX', 'expanded_url': 'https://twitter.com/switie_nerd13/status/1611413450332467203', 'display_url': 'twitter.com/switie_nerd13/‚Ä¶', 'indices': [27, 50]}]}"
2023-01-06 17:00:31+00:00,133591,Twitter Media Studio,More torture is coming. Lucky you. https://t.co/t11LptFk7e,,22806,"{'hashtags': [], 'symbols': [], 'user_mentions': [], 'urls': [], 'media': [{'id': 1611172327634661378, 'id_str': '1611172327634661378', 'indices': [35, 58], 'media_url': 'http://pbs.twimg.com/media/FlwKykgacAEkxSQ.jpg', 'media_url_https': 'https://pbs.twimg.com/media/FlwKykgacAEkxSQ.jpg', 'url': 'https://t.co/t11LptFk7e', 'display_url': 'pic.twitter.com/t11LptFk7e', 'expanded_url': 'https://twitter.com/wednesdayaddams/status/1611407377227456513/video/1', 'type': 'photo', 'sizes': {'thumb': {'w': 150, 'h': 150, 'resize': 'crop'}, 'medium': {'w': 1200, 'h': 675, 'resize': 'fit'}, 'small': {'w': 680, 'h': 383, 'resize': 'fit'}, 'large': {'w': 1280, 'h': 720, 'resize': 'fit'}}}]}"
2023-01-06 03:53:50+00:00,123,Twitter for iPhone,@SMediaProd01 @netflix Indeed,,0,"{'hashtags': [], 'symbols': [], 'user_mentions': [{'screen_name': 'SMediaProd01', 'name': 'Seeking Media Productions', 'id': 884249604694343680, 'id_str': '884249604694343680', 'indices': [0, 13]}, {'screen_name': 'netflix', 'name': 'Netflix', 'id': 16573941, 'id_str': '16573941', 'indices': [14, 22]}], 'urls': []}"
2023-01-03 19:45:48+00:00,16833,Twitter Web App,"Your daughters are correct. As the saying goes, you‚Äôre never fully dressed with a smile. https://t.co/z371tFLNNc",,673,"{'hashtags': [], 'symbols': [], 'user_mentions': [], 'urls': [{'url': 'https://t.co/z371tFLNNc', 'expanded_url': 'https://twitter.com/Camila_Servello/status/1610283134884483080', 'display_url': 'twitter.com/Camila_Servell‚Ä¶', 'indices': [89, 112]}]}"
2022-12-07 21:58:14+00:00,25519,Twitter Web App,https://t.co/0t5UQJlj1w https://t.co/b2mwPWPG8e,,1797,"{'hashtags': [], 'symbols': [], 'user_mentions': [], 'urls': [{'url': 'https://t.co/0t5UQJlj1w', 'expanded_url': 'https://twitter.com/TimBurtonErythg/status/1596251089388511232', 'display_url': 'twitter.com/TimBurtonEryth‚Ä¶', 'indices': [0, 23]}], 'media': [{'id': 1600568523708723200, 'id_str': '1600568523708723200', 'indices': [24, 47], 'media_url': 'http://pbs.twimg.com/media/FjZcl5ZUcAA-2F4.jpg', 'media_url_https': 'https://pbs.twimg.com/media/FjZcl5ZUcAA-2F4.jpg', 'url': 'https://t.co/b2mwPWPG8e', 'display_url': 'pic.twitter.com/b2mwPWPG8e', 'expanded_url': 'https://twitter.com/wednesdayaddams/status/1600610661368676353/photo/1', 'type': 'photo', 'sizes': {'thumb': {'w': 150, 'h': 150, 'resize': 'crop'}, 'small': {'w': 544, 'h': 680, 'resize': 'fit'}, 'large': {'w': 1080, 'h': 1350, 'resize': 'fit'}, 'medium': {'w': 960, 'h': 1200, 'resize': 'fit'}}}]}"
2022-12-04 22:22:43+00:00,8598,Twitter for iPhone,@xnanailyana I started this account because Thing told me twitter was the most effective place to feel pain and suffering. He was right.,,888,"{'hashtags': [], 'symbols': [], 'user_mentions': [{'screen_name': 'xnanailyana', 'name': 'üíï', 'id': 984560623, 'id_str': '984560623', 'indices': [0, 12]}], 'urls': []}"
2022-12-04 20:29:06+00:00,6980,Twitter for iPhone,"Coincidentally, bend and snap is also the most efficient way to pillory your enemies. @ReeseW‚Ä¶ https://t.co/SIiT5M1kvb",,451,"{'hashtags': [], 'symbols': [], 'user_mentions': [{'screen_name': 'ReeseW', 'name': 'Reese Witherspoon', 'id': 1198406491, 'id_str': '1198406491', 'indices': [86, 93]}], 'urls': [{'url': 'https://t.co/SIiT5M1kvb', 'expanded_url': 'https://twitter.com/i/web/status/1599501069499129857', 'display_url': 'twitter.com/i/web/status/1‚Ä¶', 'indices': [95, 118]}]}"
2022-12-04 18:00:00+00:00,21749,Twitter Media Studio,Eugene is looking for new recruits to join the Hummers. RT if you're interested. https://t.co/IOx10B6br2,,4724,"{'hashtags': [], 'symbols': [], 'user_mentions': [], 'urls': [], 'media': [{'id': 1598837888216494080, 'id_str': '1598837888216494080', 'indices': [81, 104], 'media_url': 'http://pbs.twimg.com/media/FjA2lpyUcAAugGd.jpg', 'media_url_https': 'https://pbs.twimg.com/media/FjA2lpyUcAAugGd.jpg', 'url': 'https://t.co/IOx10B6br2', 'display_url': 'pic.twitter.com/IOx10B6br2', 'expanded_url': 'https://twitter.com/wednesdayaddams/status/1599463547393622017/photo/1', 'type': 'photo', 'sizes': {'medium': {'w': 1200, 'h': 675, 'resize': 'fit'}, 'thumb': {'w': 150, 'h': 150, 'resize': 'crop'}, 'large': {'w': 1920, 'h': 1080, 'resize': 'fit'}, 'small': {'w': 680, 'h': 383, 'resize': 'fit'}}}]}"
2022-12-03 18:00:01+00:00,18842,Twitter Media Studio,I love to start my weekends with a good blood bath. https://t.co/5FG8mDc5hQ,,1628,"{'hashtags': [], 'symbols': [], 'user_mentions': [], 'urls': [], 'media': [{'id': 1598035468976721920, 'id_str': '1598035468976721920', 'indices': [52, 75], 'media_url': 'http://pbs.twimg.com/tweet_video_thumb/Fi1cytLVEAADirY.jpg', 'media_url_https': 'https://pbs.twimg.com/tweet_video_thumb/Fi1cytLVEAADirY.jpg', 'url': 'https://t.co/5FG8mDc5hQ', 'display_url': 'pic.twitter.com/5FG8mDc5hQ', 'expanded_url': 'https://twitter.com/wednesdayaddams/status/1599101162887811073/photo/1', 'type': 'photo', 'sizes': {'thumb': {'w': 150, 'h': 150, 'resize': 'crop'}, 'small': {'w': 680, 'h': 680, 'resize': 'fit'}, 'large': {'w': 680, 'h': 680, 'resize': 'fit'}, 'medium': {'w': 680, 'h': 680, 'resize': 'fit'}}}]}"
2022-12-02 20:44:48+00:00,23856,Twitter Web App,"All of the attention this week has been exhausting. Luckily, Thing gives a killer neck massage.",,1133,"{'hashtags': [], 'symbols': [], 'user_mentions': [], 'urls': []}"
2022-12-01 23:15:34+00:00,11632,Twitter Web App,I'll send you my snood. Don't tell Enid. https://t.co/lO1JhyfP1Y,,565,"{'hashtags': [], 'symbols': [], 'user_mentions': [], 'urls': [{'url': 'https://t.co/lO1JhyfP1Y', 'expanded_url': 'https://twitter.com/lovelyFrof/status/1598131162622623747', 'display_url': 'twitter.com/lovelyFrof/sta‚Ä¶', 'indices': [41, 64]}]}"
2022-12-01 21:15:37+00:00,0,Twitter Web App,"RT @ladygaga: Slay Wednesday! üíã You‚Äôre welcome at Haus of Gaga anytime (and bring Thing with you, we love paws around here üòâ)",,16097,"{'hashtags': [], 'symbols': [], 'user_mentions': [{'screen_name': 'ladygaga', 'name': 'Lady Gaga', 'id': 14230524, 'id_str': '14230524', 'indices': [3, 12]}], 'urls': []}"
2022-12-01 17:31:37+00:00,54947,Twitter Web App,I see you doing my dance moves to @LadyGaga‚Äôs Bloody Mary. I understand she is followed by little monsters. I approve.,,6133,"{'hashtags': [], 'symbols': [], 'user_mentions': [{'screen_name': 'ladygaga', 'name': 'Lady Gaga', 'id': 14230524, 'id_str': '14230524', 'indices': [34, 43]}], 'urls': []}"
2022-11-30 23:48:49+00:00,15593,Twitter Web App,These New Yorkers act like they‚Äôve never seen a disembodied hand before. https://t.co/LXeSjU6dGZ,,1452,"{'hashtags': [], 'symbols': [], 'user_mentions': [], 'urls': [{'url': 'https://t.co/LXeSjU6dGZ', 'expanded_url': 'https://twitter.com/netflix/status/1597983803812810752', 'display_url': 'twitter.com/netflix/status‚Ä¶', 'indices': [73, 96]}]}"
2022-11-30 22:57:09+00:00,13404,Twitter Web App,"When life hands you lemons, squeeze their juice into the eyes of your enemies. #WednesdayWisdom",,2182,"{'hashtags': [{'text': 'WednesdayWisdom', 'indices': [79, 95]}], 'symbols': [], 'user_mentions': [], 'urls': []}"
2022-11-29 20:05:07+00:00,56755,Twitter Web App,Apparently you all have watched 341.2 million hours of my show in 1 week - a Netflix record. Did your eyeballs bleed? A girl can dream.,,4056,"{'hashtags': [], 'symbols': [], 'user_mentions': [], 'urls': []}"
2022-11-29 04:01:51+00:00,8222,Twitter Web App,I would feel gratitude but I‚Äôm dead inside. https://t.co/vBRKozKPJL,,518,"{'hashtags': [], 'symbols': [], 'user_mentions': [], 'urls': [{'url': 'https://t.co/vBRKozKPJL', 'expanded_url': 'https://twitter.com/HilarieBurton/status/1596682638286356480', 'display_url': 'twitter.com/HilarieBurton/‚Ä¶', 'indices': [44, 67]}]}"
2022-11-29 01:21:12+00:00,16079,Twitter Web App,"When given the opportunity, always glare uncomfortably. https://t.co/bohgkP8A3f",,1145,"{'hashtags': [], 'symbols': [], 'user_mentions': [], 'urls': [], 'media': [{'id': 1597400150573568000, 'id_str': '1597400150573568000', 'indices': [56, 79], 'media_url': 'http://pbs.twimg.com/media/Fisa-TsX0AAgGso.jpg', 'media_url_https': 'https://pbs.twimg.com/media/Fisa-TsX0AAgGso.jpg', 'url': 'https://t.co/bohgkP8A3f', 'display_url': 'pic.twitter.com/bohgkP8A3f', 'expanded_url': 'https://twitter.com/wednesdayaddams/status/1597400250591096832/photo/1', 'type': 'photo', 'sizes': {'thumb': {'w': 150, 'h': 150, 'resize': 'crop'}, 'medium': {'w': 1200, 'h': 675, 'resize': 'fit'}, 'small': {'w': 680, 'h': 383, 'resize': 'fit'}, 'large': {'w': 1920, 'h': 1080, 'resize': 'fit'}}}]}"
2022-11-28 23:45:40+00:00,39976,Twitter Web App,When you discover there's a blonde in the Addams' family tree. https://t.co/K2n5cU2grB,,2162,"{'hashtags': [], 'symbols': [], 'user_mentions': [], 'urls': [], 'media': [{'id': 1597375759726829568, 'id_str': '1597375759726829568', 'indices': [63, 86], 'media_url': 'http://pbs.twimg.com/media/FisEyktWYAAbuaf.jpg', 'media_url_https': 'https://pbs.twimg.com/media/FisEyktWYAAbuaf.jpg', 'url': 'https://t.co/K2n5cU2grB', 'display_url': 'pic.twitter.com/K2n5cU2grB', 'expanded_url': 'https://twitter.com/wednesdayaddams/status/1597376206965702656/photo/1', 'type': 'photo', 'sizes': {'thumb': {'w': 150, 'h': 150, 'resize': 'crop'}, 'small': {'w': 680, 'h': 366, 'resize': 'fit'}, 'large': {'w': 2048, 'h': 1104, 'resize': 'fit'}, 'medium': {'w': 1200, 'h': 647, 'resize': 'fit'}}}]}"
2022-11-27 22:00:01+00:00,54178,TweetDeck Web App,All of the attention this weekend has been pure torture. Thank you.,,3263,"{'hashtags': [], 'symbols': [], 'user_mentions': [], 'urls': []}"
2022-11-27 20:00:01+00:00,42363,TweetDeck Web App,My mother has no heart. But enough with the sappy compliments. https://t.co/IqpVw5Wlv8,,2209,"{'hashtags': [], 'symbols': [], 'user_mentions': [], 'urls': [], 'media': [{'id': 1595502942257233920, 'id_str': '1595502942257233920', 'indices': [63, 86], 'media_url': 'http://pbs.twimg.com/media/FiRdeP9VQAAROsr.jpg', 'media_url_https': 'https://pbs.twimg.com/media/FiRdeP9VQAAROsr.jpg', 'url': 'https://t.co/IqpVw5Wlv8', 'display_url': 'pic.twitter.com/IqpVw5Wlv8', 'expanded_url': 'https://twitter.com/wednesdayaddams/status/1596957033609265152/photo/1', 'type': 'photo', 'sizes': {'thumb': {'w': 150, 'h': 150, 'resize': 'crop'}, 'large': {'w': 2048, 'h': 1105, 'resize': 'fit'}, 'small': {'w': 680, 'h': 367, 'resize': 'fit'}, 'medium': {'w': 1200, 'h': 648, 'resize': 'fit'}}}]}"
2022-11-26 22:00:00+00:00,10605,TweetDeck Web App,"FYI. If you hear me screaming bloody murder, there's a good chance I'm just enjoying myself.",,1165,"{'hashtags': [], 'symbols': [], 'user_mentions': [], 'urls': []}"
2022-11-26 20:00:00+00:00,13331,TweetDeck Web App,Some girls develop obsessions with horses. Or boy bands. Mine just happen to be supernatural killing sprees.,,1147,"{'hashtags': [], 'symbols': [], 'user_mentions': [], 'urls': []}"
2022-11-26 17:00:00+00:00,16252,Twitter Media Studio,You know what's scarier than monsters? Feelings. https://t.co/GJyx8AIxbi,,1717,"{'hashtags': [], 'symbols': [], 'user_mentions': [], 'urls': [], 'media': [{'id': 1595494735728193539, 'id_str': '1595494735728193539', 'indices': [49, 72], 'media_url': 'http://pbs.twimg.com/media/FiRXFdLVUAAjWOd.jpg', 'media_url_https': 'https://pbs.twimg.com/media/FiRXFdLVUAAjWOd.jpg', 'url': 'https://t.co/GJyx8AIxbi', 'display_url': 'pic.twitter.com/GJyx8AIxbi', 'expanded_url': 'https://twitter.com/wednesdayaddams/status/1596549344466960384/video/1', 'type': 'photo', 'sizes': {'thumb': {'w': 150, 'h': 150, 'resize': 'crop'}, 'small': {'w': 679, 'h': 680, 'resize': 'fit'}, 'large': {'w': 2028, 'h': 2032, 'resize': 'fit'}, 'medium': {'w': 1198, 'h': 1200, 'resize': 'fit'}}}]}"
2022-11-25 22:00:01+00:00,30746,TweetDeck Web App,"I know I‚Äôm stubborn, single-minded, and obsessive. But those are all traits of great writers. Yes, and serial killers.",,4273,"{'hashtags': [], 'symbols': [], 'user_mentions': [], 'urls': []}"
2022-11-25 21:12:38+00:00,10564,Twitter Web App,Thing‚Äôs hat collection is surprisingly large. https://t.co/7BqjBY5BS0,,652,"{'hashtags': [], 'symbols': [], 'user_mentions': [], 'urls': [{'url': 'https://t.co/7BqjBY5BS0', 'expanded_url': 'https://twitter.com/laurengarafano/status/1596202886517645313', 'display_url': 'twitter.com/laurengarafano‚Ä¶', 'indices': [46, 69]}]}"
2022-11-25 20:00:00+00:00,10985,Twitter Media Studio,"For once, I agree with Bianca Barclay. https://t.co/2kKL81OZHP",,838,"{'hashtags': [], 'symbols': [], 'user_mentions': [], 'urls': [], 'media': [{'id': 1595492818641747968, 'id_str': '1595492818641747968', 'indices': [39, 62], 'media_url': 'http://pbs.twimg.com/media/FiRUQ-jUAAA_6jT.jpg', 'media_url_https': 'https://pbs.twimg.com/media/FiRUQ-jUAAA_6jT.jpg', 'url': 'https://t.co/2kKL81OZHP', 'display_url': 'pic.twitter.com/2kKL81OZHP', 'expanded_url': 'https://twitter.com/wednesdayaddams/status/1596232253536980995/photo/1', 'type': 'photo', 'sizes': {'thumb': {'w': 150, 'h': 150, 'resize': 'crop'}, 'small': {'w': 680, 'h': 383, 'resize': 'fit'}, 'large': {'w': 1920, 'h': 1080, 'resize': 'fit'}, 'medium': {'w': 1200, 'h': 675, 'resize': 'fit'}}}]}"
2022-11-25 17:00:02+00:00,157592,Twitter Media Studio,"Dancing is one of my favorite things to do. Along with gravedigging, conducting autopsies, and glaring uncomfortabl‚Ä¶ https://t.co/QcsViURb5y",,26923,"{'hashtags': [], 'symbols': [], 'user_mentions': [], 'urls': [{'url': 'https://t.co/QcsViURb5y', 'expanded_url': 'https://twitter.com/i/web/status/1596186963358277632', 'display_url': 'twitter.com/i/web/status/1‚Ä¶', 'indices': [117, 140]}]}"
2022-11-24 22:00:00+00:00,41792,TweetDeck Web App,"As much as it pains me to admit, Enid Sinclair is growing on me. Like a flesh-eating fungus. https://t.co/64709zFwoM",,4527,"{'hashtags': [], 'symbols': [], 'user_mentions': [], 'urls': [], 'media': [{'id': 1595486078256893957, 'id_str': '1595486078256893957', 'indices': [93, 116], 'media_url': 'http://pbs.twimg.com/media/FiROIoqVUAUi_Mo.jpg', 'media_url_https': 'https://pbs.twimg.com/media/FiROIoqVUAUi_Mo.jpg', 'url': 'https://t.co/64709zFwoM', 'display_url': 'pic.twitter.com/64709zFwoM', 'expanded_url': 'https://twitter.com/wednesdayaddams/status/1595900066232815616/photo/1', 'type': 'photo', 'sizes': {'large': {'w': 2048, 'h': 1105, 'resize': 'fit'}, 'thumb': {'w': 150, 'h': 150, 'resize': 'crop'}, 'medium': {'w': 1200, 'h': 648, 'resize': 'fit'}, 'small': {'w': 680, 'h': 367, 'resize': 'fit'}}}]}"
2022-11-24 20:00:00+00:00,7343,Twitter Media Studio,Does family time nauseate you as well? https://t.co/frOh3udZe3,,419,"{'hashtags': [], 'symbols': [], 'user_mentions': [], 'urls': [], 'media': [{'id': 1595483343788773376, 'id_str': '1595483343788773376', 'indices': [39, 62], 'media_url': 'http://pbs.twimg.com/media/FiRLpd-VEAAVzvp.jpg', 'media_url_https': 'https://pbs.twimg.com/media/FiRLpd-VEAAVzvp.jpg', 'url': 'https://t.co/frOh3udZe3', 'display_url': 'pic.twitter.com/frOh3udZe3', 'expanded_url': 'https://twitter.com/wednesdayaddams/status/1595869867193683968/photo/1', 'type': 'photo', 'sizes': {'medium': {'w': 1200, 'h': 648, 'resize': 'fit'}, 'thumb': {'w': 150, 'h': 150, 'resize': 'crop'}, 'large': {'w': 2048, 'h': 1105, 'resize': 'fit'}, 'small': {'w': 680, 'h': 367, 'resize': 'fit'}}}]}"
2022-11-24 17:00:00+00:00,8735,TweetDeck Web App,"In the Addams house, we don't believe in Thanksgiving traditions. We do, however, believe in sharp knives, carving‚Ä¶ https://t.co/BH69GwzgyY",,967,"{'hashtags': [], 'symbols': [], 'user_mentions': [], 'urls': [{'url': 'https://t.co/BH69GwzgyY', 'expanded_url': 'https://twitter.com/i/web/status/1595824568886824960', 'display_url': 'twitter.com/i/web/status/1‚Ä¶', 'indices': [116, 139]}]}"
2022-11-23 22:00:02+00:00,8464,Twitter Media Studio,Getting ready for the Thanksgiving Day Parade. https://t.co/lVZDbgDjoH,,1049,"{'hashtags': [], 'symbols': [], 'user_mentions': [], 'urls': [], 'media': [{'id': 1595253836913856512, 'id_str': '1595253836913856512', 'indices': [47, 70], 'media_url': 'http://pbs.twimg.com/amplify_video_thumb/1595253836913856512/img/T8RLoRH9SinbETeF.jpg', 'media_url_https': 'https://pbs.twimg.com/amplify_video_thumb/1595253836913856512/img/T8RLoRH9SinbETeF.jpg', 'url': 'https://t.co/lVZDbgDjoH', 'display_url': 'pic.twitter.com/lVZDbgDjoH', 'expanded_url': 'https://twitter.com/wednesdayaddams/status/1595537685069832202/video/1', 'type': 'photo', 'sizes': {'thumb': {'w': 150, 'h': 150, 'resize': 'crop'}, 'small': {'w': 680, 'h': 680, 'resize': 'fit'}, 'medium': {'w': 1080, 'h': 1080, 'resize': 'fit'}, 'large': {'w': 1080, 'h': 1080, 'resize': 'fit'}}}]}"
2022-11-23 20:15:04+00:00,2857,Twitter Web App,Impossible. https://t.co/C2O3E9SxE9,,174,"{'hashtags': [], 'symbols': [], 'user_mentions': [], 'urls': [{'url': 'https://t.co/C2O3E9SxE9', 'expanded_url': 'https://twitter.com/nishakatuts/status/1595509637603856403', 'display_url': 'twitter.com/nishakatuts/st‚Ä¶', 'indices': [12, 35]}]}"
2022-11-23 20:00:02+00:00,9005,Twitter Media Studio,"Enid, I made you these. https://t.co/rGNFjxVkBt",,894,"{'hashtags': [], 'symbols': [], 'user_mentions': [], 'urls': [], 'media': [{'id': 1595252284882944000, 'id_str': '1595252284882944000', 'indices': [24, 47], 'media_url': 'http://pbs.twimg.com/media/FiN5gEeUAAAtN95.png', 'media_url_https': 'https://pbs.twimg.com/media/FiN5gEeUAAAtN95.png', 'url': 'https://t.co/rGNFjxVkBt', 'display_url': 'pic.twitter.com/rGNFjxVkBt', 'expanded_url': 'https://twitter.com/wednesdayaddams/status/1595507484998787072/photo/1', 'type': 'photo', 'sizes': {'large': {'w': 796, 'h': 328, 'resize': 'fit'}, 'medium': {'w': 796, 'h': 328, 'resize': 'fit'}, 'small': {'w': 680, 'h': 280, 'resize': 'fit'}, 'thumb': {'w': 150, 'h': 150, 'resize': 'crop'}}}]}"
2022-11-23 17:00:02+00:00,11561,TweetDeck Web App,RT if you're a little dead inside too.,,7122,"{'hashtags': [], 'symbols': [], 'user_mentions': [], 'urls': []}"
2022-11-23 03:38:51+00:00,0,Twitter Web App,RT @netflix: How many hours until Wednesday premieres? https://t.co/dWwthm2oIL,,703,"{'hashtags': [], 'symbols': [], 'user_mentions': [{'screen_name': 'netflix', 'name': 'Netflix', 'id': 16573941, 'id_str': '16573941', 'indices': [3, 11]}], 'urls': [], 'media': [{'id': 1595222742885814273, 'id_str': '1595222742885814273', 'indices': [55, 78], 'media_url': 'http://pbs.twimg.com/media/FiNeof9VUAEFqgx.jpg', 'media_url_https': 'https://pbs.twimg.com/media/FiNeof9VUAEFqgx.jpg', 'url': 'https://t.co/dWwthm2oIL', 'display_url': 'pic.twitter.com/dWwthm2oIL', 'expanded_url': 'https://twitter.com/netflix/status/1595250785884942337/photo/1', 'type': 'photo', 'sizes': {'thumb': {'w': 150, 'h': 150, 'resize': 'crop'}, 'small': {'w': 680, 'h': 680, 'resize': 'fit'}, 'medium': {'w': 699, 'h': 699, 'resize': 'fit'}, 'large': {'w': 699, 'h': 699, 'resize': 'fit'}}, 'source_status_id': 1595250785884942337, 'source_status_id_str': '1595250785884942337', 'source_user_id': 16573941, 'source_user_id_str': '16573941'}]}"
2022-11-22 20:33:15+00:00,4195,Twitter Web App,Making your holiday travels even more torturous. You‚Äôre welcome. https://t.co/jQLHX1RzDr,,293,"{'hashtags': [], 'symbols': [], 'user_mentions': [], 'urls': [{'url': 'https://t.co/jQLHX1RzDr', 'expanded_url': 'https://twitter.com/zeesayshi/status/1595144970121646081', 'display_url': 'twitter.com/zeesayshi/stat‚Ä¶', 'indices': [65, 88]}]}"
2022-11-22 17:42:57+00:00,1067,Twitter Web App,"Careful with that. Or Lurch will hunt you down. He‚Äôs a man of few grunts, but this hearse is close to his cold, dea‚Ä¶ https://t.co/1qHS9JRVoC",,52,"{'hashtags': [], 'symbols': [], 'user_mentions': [], 'urls': [{'url': 'https://t.co/1qHS9JRVoC', 'expanded_url': 'https://twitter.com/i/web/status/1595110602430885888', 'display_url': 'twitter.com/i/web/status/1‚Ä¶', 'indices': [117, 140]}]}"
2022-11-22 17:42:22+00:00,2055,Twitter Web App,My holiday playlist is titled Pugsley‚Äôs Greatest Screams. https://t.co/aNtQ25JckW,,135,"{'hashtags': [], 'symbols': [], 'user_mentions': [], 'urls': [{'url': 'https://t.co/aNtQ25JckW', 'expanded_url': 'https://twitter.com/WenclairEndgame/status/1594851586152751104', 'display_url': 'twitter.com/WenclairEndgam‚Ä¶', 'indices': [58, 81]}]}"
2022-11-22 17:41:17+00:00,2566,Twitter Web App,They work quite well on Pugsley. https://t.co/obcreb8zHu,,169,"{'hashtags': [], 'symbols': [], 'user_mentions': [], 'urls': [{'url': 'https://t.co/obcreb8zHu', 'expanded_url': 'https://twitter.com/emilysavs/status/1594911560480460802', 'display_url': 'twitter.com/emilysavs/stat‚Ä¶', 'indices': [33, 56]}]}"
2022-11-14 20:02:22+00:00,3709,Twitter Web App,"By the way, I heard that elevator make a weird noise earlier. I‚Äôm sure it‚Äôs fine. https://t.co/bt5Fzcr1Px",,296,"{'hashtags': [], 'symbols': [], 'user_mentions': [], 'urls': [{'url': 'https://t.co/bt5Fzcr1Px', 'expanded_url': 'https://twitter.com/JarettSays/status/1592221748111736832', 'display_url': 'twitter.com/JarettSays/sta‚Ä¶', 'indices': [82, 105]}]}"
2022-11-09 18:00:00+00:00,7070,Twitter Media Studio,They haven‚Äôt built a school that can hold me. I doubt Nevermore will be any different. https://t.co/bsVIb8REd3,,1273,"{'hashtags': [], 'symbols': [], 'user_mentions': [], 'urls': [], 'media': [{'id': 1590149434792243200, 'id_str': '1590149434792243200', 'indices': [87, 110], 'media_url': 'http://pbs.twimg.com/media/FhFcMu5VUAAbNIp.jpg', 'media_url_https': 'https://pbs.twimg.com/media/FhFcMu5VUAAbNIp.jpg', 'url': 'https://t.co/bsVIb8REd3', 'display_url': 'pic.twitter.com/bsVIb8REd3', 'expanded_url': 'https://twitter.com/wednesdayaddams/status/1590403848614518784/video/1', 'type': 'photo', 'sizes': {'thumb': {'w': 150, 'h': 150, 'resize': 'crop'}, 'small': {'w': 680, 'h': 381, 'resize': 'fit'}, 'large': {'w': 2048, 'h': 1149, 'resize': 'fit'}, 'medium': {'w': 1200, 'h': 673, 'resize': 'fit'}}}]}"
2022-11-01 17:38:45+00:00,1735,Twitter Web App,Impressive. Looks a lot like Pugsley after a few hours in the pig roaster. https://t.co/0nMZTPM7np,,101,"{'hashtags': [], 'symbols': [], 'user_mentions': [], 'urls': [{'url': 'https://t.co/0nMZTPM7np', 'expanded_url': 'https://twitter.com/MailOnline/status/1587379329276821504', 'display_url': 'twitter.com/MailOnline/sta‚Ä¶', 'indices': [75, 98]}]}"
2022-11-01 16:57:12+00:00,4293,Twitter Media Studio,Halloween is over but spooky season never ends. https://t.co/5W9amaEg1z,,569,"{'hashtags': [], 'symbols': [], 'user_mentions': [], 'urls': [], 'media': [{'id': 1587487324727783424, 'id_str': '1587487324727783424', 'indices': [48, 71], 'media_url': 'http://pbs.twimg.com/amplify_video_thumb/1587487324727783424/img/ugl6NB1tMiIwVaq3.jpg', 'media_url_https': 'https://pbs.twimg.com/amplify_video_thumb/1587487324727783424/img/ugl6NB1tMiIwVaq3.jpg', 'url': 'https://t.co/5W9amaEg1z', 'display_url': 'pic.twitter.com/5W9amaEg1z', 'expanded_url': 'https://twitter.com/wednesdayaddams/status/1587488941027966978/video/1', 'type': 'photo', 'sizes': {'thumb': {'w': 150, 'h': 150, 'resize': 'crop'}, 'small': {'w': 680, 'h': 680, 'resize': 'fit'}, 'medium': {'w': 1080, 'h': 1080, 'resize': 'fit'}, 'large': {'w': 1080, 'h': 1080, 'resize': 'fit'}}}]}"
2022-10-09 00:05:00+00:00,21945,Twitter Media Studio,This *festering* new trailer is full of surprises. I know the suspense is killing you. https://t.co/JmCVMBaDHP,,5518,"{'hashtags': [], 'symbols': [], 'user_mentions': [], 'urls': [], 'media': [{'id': 1578820197967765506, 'id_str': '1578820197967765506', 'indices': [87, 110], 'media_url': 'http://pbs.twimg.com/media/FelUDnLVEAAik54.jpg', 'media_url_https': 'https://pbs.twimg.com/media/FelUDnLVEAAik54.jpg', 'url': 'https://t.co/JmCVMBaDHP', 'display_url': 'pic.twitter.com/JmCVMBaDHP', 'expanded_url': 'https://twitter.com/wednesdayaddams/status/1578899291556438017/video/1', 'type': 'photo', 'sizes': {'thumb': {'w': 150, 'h': 150, 'resize': 'crop'}, 'medium': {'w': 1200, 'h': 675, 'resize': 'fit'}, 'small': {'w': 680, 'h': 383, 'resize': 'fit'}, 'large': {'w': 1280, 'h': 720, 'resize': 'fit'}}}]}"
2022-10-07 16:10:00+00:00,780,Twitter for iPhone,@netflix can‚Äôt keep your mouth shut? I‚Äôve sent Thing to fetch the needle and thread. https://t.co/AOtcm0Om50,,72,"{'hashtags': [], 'symbols': [], 'user_mentions': [{'screen_name': 'netflix', 'name': 'Netflix', 'id': 16573941, 'id_str': '16573941', 'indices': [0, 8]}], 'urls': [{'url': 'https://t.co/AOtcm0Om50', 'expanded_url': 'https://twitter.com/netflix/status/1578415376915779585', 'display_url': 'twitter.com/netflix/status‚Ä¶', 'indices': [85, 108]}]}"
2022-10-03 19:37:30+00:00,975,Twitter Web App,Unrelenting teenage purgatory awaits. https://t.co/2ICvmw5KIq,,44,"{'hashtags': [], 'symbols': [], 'user_mentions': [], 'urls': [{'url': 'https://t.co/2ICvmw5KIq', 'expanded_url': 'https://twitter.com/pickle131989/status/1575418480849031168', 'display_url': 'twitter.com/pickle131989/s‚Ä¶', 'indices': [38, 61]}]}"
2022-10-03 18:28:42+00:00,1353,Twitter Web App,I'm waiting on the edge of my (electric) chair. https://t.co/djT7oFxIM1,,77,"{'hashtags': [], 'symbols': [], 'user_mentions': [], 'urls': [{'url': 'https://t.co/djT7oFxIM1', 'expanded_url': 'https://twitter.com/azalben/status/1576221579377512448', 'display_url': 'twitter.com/azalben/status‚Ä¶', 'indices': [48, 71]}]}"
2022-09-24 17:29:00+00:00,13070,Twitter Media Studio,"Oh, Thing... you poor, naive apendage. #TUDUM https://t.co/kldxKyqziT",,1834,"{'hashtags': [{'text': 'TUDUM', 'indices': [39, 45]}], 'symbols': [], 'user_mentions': [], 'urls': [], 'media': [{'id': 1573473903426486273, 'id_str': '1573473903426486273', 'indices': [46, 69], 'media_url': 'http://pbs.twimg.com/amplify_video_thumb/1573473903426486273/img/FeBKoi2b2zsbzYh7.jpg', 'media_url_https': 'https://pbs.twimg.com/amplify_video_thumb/1573473903426486273/img/FeBKoi2b2zsbzYh7.jpg', 'url': 'https://t.co/kldxKyqziT', 'display_url': 'pic.twitter.com/kldxKyqziT', 'expanded_url': 'https://twitter.com/wednesdayaddams/status/1573726204485459968/video/1', 'type': 'photo', 'sizes': {'thumb': {'w': 150, 'h': 150, 'resize': 'crop'}, 'large': {'w': 1920, 'h': 1080, 'resize': 'fit'}, 'medium': {'w': 1200, 'h': 675, 'resize': 'fit'}, 'small': {'w': 680, 'h': 383, 'resize': 'fit'}}}]}"
2022-09-23 20:29:52+00:00,1982,Twitter Web App,Hasn't Thanksgiving always been about murder &amp; mayhem? https://t.co/G6kKVefqgp,,226,"{'hashtags': [], 'symbols': [], 'user_mentions': [], 'urls': [{'url': 'https://t.co/G6kKVefqgp', 'expanded_url': 'https://twitter.com/ConanBlueDagger/status/1573304671363649536', 'display_url': 'twitter.com/ConanBlueDagge‚Ä¶', 'indices': [59, 82]}]}"
2022-09-23 00:07:24+00:00,1044,Twitter Web App,The poor souls who are accepted will receive a special surprise. Like the time I sent my Uncle Fester a box of hung‚Ä¶ https://t.co/pbdFS2aS1N,,66,"{'hashtags': [], 'symbols': [], 'user_mentions': [], 'urls': [{'url': 'https://t.co/pbdFS2aS1N', 'expanded_url': 'https://twitter.com/i/web/status/1573101689074290688', 'display_url': 'twitter.com/i/web/status/1‚Ä¶', 'indices': [117, 140]}]}"
2022-09-22 23:33:33+00:00,2233,Twitter Web App,I'm sitting in this right now. But mine is black. (Thing carved it as a gift). https://t.co/ajGOlci9J6,,199,"{'hashtags': [], 'symbols': [], 'user_mentions': [], 'urls': [{'url': 'https://t.co/ajGOlci9J6', 'expanded_url': 'https://twitter.com/DaniellePartis/status/1567478378567028738', 'display_url': 'twitter.com/DaniellePartis‚Ä¶', 'indices': [79, 102]}]}"
2022-09-21 17:59:04+00:00,659,Twitter Web App,Good luck navigating this teenage purgatory. You're going to need it. https://t.co/KgsH1keJWz,,30,"{'hashtags': [], 'symbols': [], 'user_mentions': [], 'urls': [{'url': 'https://t.co/KgsH1keJWz', 'expanded_url': 'https://twitter.com/ThePixieEvil/status/1572641167619293185', 'display_url': 'twitter.com/ThePixieEvil/s‚Ä¶', 'indices': [70, 93]}]}"
2022-09-21 17:24:52+00:00,4438,Twitter Web App,"I've seen serial killer diaries with better grammar. It's ""Addams"" - two Ds. https://t.co/LgEdz29Tk7",,547,"{'hashtags': [], 'symbols': [], 'user_mentions': [], 'urls': [{'url': 'https://t.co/LgEdz29Tk7', 'expanded_url': 'https://twitter.com/netflix/status/1572624192939311104', 'display_url': 'twitter.com/netflix/status‚Ä¶', 'indices': [77, 100]}]}"
2022-09-21 16:40:14+00:00,2608,Twitter Media Studio,"Show some school spirit. A dark, vengeful spirit. https://t.co/geD72VI4Fr https://t.co/5L5yMqOIyU",,463,"{'hashtags': [], 'symbols': [], 'user_mentions': [], 'urls': [{'url': 'https://t.co/geD72VI4Fr', 'expanded_url': 'http://www.nevermoreacademy.com', 'display_url': 'nevermoreacademy.com', 'indices': [50, 73]}], 'media': [{'id': 1572625248339755008, 'id_str': '1572625248339755008', 'indices': [74, 97], 'media_url': 'http://pbs.twimg.com/media/FdMXruBacAElMe-.jpg', 'media_url_https': 'https://pbs.twimg.com/media/FdMXruBacAElMe-.jpg', 'url': 'https://t.co/5L5yMqOIyU', 'display_url': 'pic.twitter.com/5L5yMqOIyU', 'expanded_url': 'https://twitter.com/wednesdayaddams/status/1572626768384921600/video/1', 'type': 'photo', 'sizes': {'thumb': {'w': 150, 'h': 150, 'resize': 'crop'}, 'small': {'w': 679, 'h': 680, 'resize': 'fit'}, 'medium': {'w': 1199, 'h': 1200, 'resize': 'fit'}, 'large': {'w': 1824, 'h': 1826, 'resize': 'fit'}}}]}"
2022-09-19 19:02:29+00:00,1431,Twitter Web App,This soothes me. https://t.co/NN6wFBYsuy,,116,"{'hashtags': [], 'symbols': [], 'user_mentions': [], 'urls': [{'url': 'https://t.co/NN6wFBYsuy', 'expanded_url': 'https://twitter.com/EricaFails/status/1571576814597718022', 'display_url': 'twitter.com/EricaFails/sta‚Ä¶', 'indices': [17, 40]}]}"
2022-09-16 17:00:59+00:00,1167,Twitter Web App,Wouldn't be caught dead here if my death depended on it. https://t.co/nCOr4Ou3ck,,116,"{'hashtags': [], 'symbols': [], 'user_mentions': [], 'urls': [{'url': 'https://t.co/nCOr4Ou3ck', 'expanded_url': 'https://twitter.com/NetflixGeeked/status/1570819969012867076', 'display_url': 'twitter.com/NetflixGeeked/‚Ä¶', 'indices': [57, 80]}]}"
2022-09-13 03:10:20+00:00,940,Twitter Web App,I don't respond to demands. I do enjoy a bit of blackmail from time to time though. #Emmys https://t.co/rtrxuRJJmM,,46,"{'hashtags': [{'text': 'Emmys', 'indices': [84, 90]}], 'symbols': [], 'user_mentions': [], 'urls': [{'url': 'https://t.co/rtrxuRJJmM', 'expanded_url': 'https://twitter.com/mfer_al/status/1569508681875881984', 'display_url': 'twitter.com/mfer_al/status‚Ä¶', 'indices': [91, 114]}]}"
2022-09-13 02:53:17+00:00,1141,Twitter Web App,To Mr. @TedLasso on your big night. Your sunny disposition and relentless optimism are truly‚Ä¶ disturbing. Odds are‚Ä¶ https://t.co/O4clteLmHm,,109,"{'hashtags': [], 'symbols': [], 'user_mentions': [{'screen_name': 'TedLasso', 'name': 'Ted Lasso', 'id': 1103518614982819840, 'id_str': '1103518614982819840', 'indices': [7, 16]}], 'urls': [{'url': 'https://t.co/O4clteLmHm', 'expanded_url': 'https://twitter.com/i/web/status/1569519557198618625', 'display_url': 'twitter.com/i/web/status/1‚Ä¶', 'indices': [116, 139]}]}"
2022-09-13 02:18:50+00:00,706,Twitter Web App,A dead body on stage at the #Emmys. Things just got interesting. @JimmyKimmel https://t.co/8n3n9wR40p,,41,"{'hashtags': [{'text': 'Emmys', 'indices': [28, 34]}], 'symbols': [], 'user_mentions': [{'screen_name': 'jimmykimmel', 'name': 'Jimmy Kimmel', 'id': 26053643, 'id_str': '26053643', 'indices': [65, 77]}], 'urls': [{'url': 'https://t.co/8n3n9wR40p', 'expanded_url': 'https://twitter.com/wreviewpodcast/status/1569508619812745218', 'display_url': 'twitter.com/wreviewpodcast‚Ä¶', 'indices': [78, 101]}]}"
2022-09-13 02:07:33+00:00,5085,Twitter Web App,I applaud @Stranger_Things for giving us the Upside Down. It seems like a beautiful and tranquil place. I‚Äôd like to‚Ä¶ https://t.co/kWZPej8YSr,,426,"{'hashtags': [], 'symbols': [], 'user_mentions': [{'screen_name': 'Stranger_Things', 'name': 'Stranger Things', 'id': 3320478908, 'id_str': '3320478908', 'indices': [10, 26]}], 'urls': [{'url': 'https://t.co/kWZPej8YSr', 'expanded_url': 'https://twitter.com/i/web/status/1569508049890713601', 'display_url': 'twitter.com/i/web/status/1‚Ä¶', 'indices': [117, 140]}]}"
2022-09-13 01:35:27+00:00,506,Twitter Web App,To the Roy family on @succession. I applaud your efforts to torture each other verbally. But it‚Äôs time to up your g‚Ä¶ https://t.co/K8bzazejfc,,38,"{'hashtags': [], 'symbols': [], 'user_mentions': [{'screen_name': 'succession', 'name': 'Succession', 'id': 1329535801953292291, 'id_str': '1329535801953292291', 'indices': [21, 32]}], 'urls': [{'url': 'https://t.co/K8bzazejfc', 'expanded_url': 'https://twitter.com/i/web/status/1569499971476672514', 'display_url': 'twitter.com/i/web/status/1‚Ä¶', 'indices': [117, 140]}]}"
2022-09-13 01:04:32+00:00,436,Twitter Web App,Snaps to Miriam @MaiselTV on breaking the glass ceiling. Which is also an efficient way to create a makeshift weapo‚Ä¶ https://t.co/kunuaHk86z,,24,"{'hashtags': [], 'symbols': [], 'user_mentions': [{'screen_name': 'MaiselTV', 'name': 'The Marvelous Mrs. Maisel', 'id': 847154816593752064, 'id_str': '847154816593752064', 'indices': [16, 25]}], 'urls': [{'url': 'https://t.co/kunuaHk86z', 'expanded_url': 'https://twitter.com/i/web/status/1569492190543638531', 'display_url': 'twitter.com/i/web/status/1‚Ä¶', 'indices': [117, 140]}]}"
2022-09-13 01:03:37+00:00,838,Twitter Web App,To the residents of @OnlyMurdersHulu. You had me at murder. #Emmys https://t.co/nNEu4F3Bfp,,81,"{'hashtags': [{'text': 'Emmys', 'indices': [60, 66]}], 'symbols': [], 'user_mentions': [{'screen_name': 'OnlyMurdersHulu', 'name': 'Only Murders in the Building üïµüèª\u200d‚ôÄÔ∏è üïµüèª\u200d‚ôÇÔ∏è', 'id': 1280260872997416965, 'id_str': '1280260872997416965', 'indices': [20, 36]}], 'urls': [{'url': 'https://t.co/nNEu4F3Bfp', 'expanded_url': 'https://twitter.com/azalben/status/1569490620539887618', 'display_url': 'twitter.com/azalben/status‚Ä¶', 'indices': [67, 90]}]}"
2022-09-13 00:31:48+00:00,192,Twitter Web App,@WEDN3SD4YS @squidgame I don't hate this look. #Emmys https://t.co/Jjwpvi52de,,6,"{'hashtags': [{'text': 'Emmys', 'indices': [47, 53]}], 'symbols': [], 'user_mentions': [{'screen_name': 'squidgame', 'name': 'Squid Game #Ïò§ÏßïÏñ¥Í≤åÏûÑ', 'id': 1480952457840631809, 'id_str': '1480952457840631809', 'indices': [12, 22]}], 'urls': [], 'media': [{'id': 1569483845669654529, 'id_str': '1569483845669654529', 'indices': [54, 77], 'media_url': 'http://pbs.twimg.com/media/FcftPf3akAEf3lb.jpg', 'media_url_https': 'https://pbs.twimg.com/media/FcftPf3akAEf3lb.jpg', 'url': 'https://t.co/Jjwpvi52de', 'display_url': 'pic.twitter.com/Jjwpvi52de', 'expanded_url': 'https://twitter.com/wednesdayaddams/status/1569483952196583426/photo/1', 'type': 'photo', 'sizes': {'large': {'w': 876, 'h': 1290, 'resize': 'fit'}, 'thumb': {'w': 150, 'h': 150, 'resize': 'crop'}, 'medium': {'w': 815, 'h': 1200, 'resize': 'fit'}, 'small': {'w': 462, 'h': 680, 'resize': 'fit'}}}]}"
2022-09-13 00:16:23+00:00,1282,Twitter Web App,"To the players of @squidgame. Kudos on your nominations. Next season I‚Äôm entering my brother, Pugsley. He‚Äôll probab‚Ä¶ https://t.co/p4B364Pwcg",,153,"{'hashtags': [], 'symbols': [], 'user_mentions': [{'screen_name': 'squidgame', 'name': 'Squid Game #Ïò§ÏßïÏñ¥Í≤åÏûÑ', 'id': 1480952457840631809, 'id_str': '1480952457840631809', 'indices': [18, 28]}], 'urls': [{'url': 'https://t.co/p4B364Pwcg', 'expanded_url': 'https://twitter.com/i/web/status/1569480074503802880', 'display_url': 'twitter.com/i/web/status/1‚Ä¶', 'indices': [117, 140]}]}"
2022-09-12 23:33:40+00:00,267,Twitter Web App,@TedLasso @succession @squidgame @stranger_things @onlymurdershulu @MaiselTV @BetterCallSaul.,,11,"{'hashtags': [], 'symbols': [], 'user_mentions': [{'screen_name': 'TedLasso', 'name': 'Ted Lasso', 'id': 1103518614982819840, 'id_str': '1103518614982819840', 'indices': [0, 9]}, {'screen_name': 'succession', 'name': 'Succession', 'id': 1329535801953292291, 'id_str': '1329535801953292291', 'indices': [10, 21]}, {'screen_name': 'squidgame', 'name': 'Squid Game #Ïò§ÏßïÏñ¥Í≤åÏûÑ', 'id': 1480952457840631809, 'id_str': '1480952457840631809', 'indices': [22, 32]}, {'screen_name': 'Stranger_Things', 'name': 'Stranger Things', 'id': 3320478908, 'id_str': '3320478908', 'indices': [33, 49]}, {'screen_name': 'OnlyMurdersHulu', 'name': 'Only Murders in the Building üïµüèª\u200d‚ôÄÔ∏è üïµüèª\u200d‚ôÇÔ∏è', 'id': 1280260872997416965, 'id_str': '1280260872997416965', 'indices': [50, 66]}, {'screen_name': 'MaiselTV', 'name': 'The Marvelous Mrs. Maisel', 'id': 847154816593752064, 'id_str': '847154816593752064', 'indices': [67, 76]}, {'screen_name': 'BetterCallSaul', 'name': 'Better Call Saul', 'id': 1855517916, 'id_str': '1855517916', 'indices': [77, 92]}], 'urls': []}"
2022-09-12 23:30:04+00:00,953,Twitter Web App,The faceless suits at @Netflix have asked me to ‚Äúcongratulate‚Äù tonight‚Äôs #Emmys nominees. I warned them.,,52,"{'hashtags': [{'text': 'Emmys', 'indices': [73, 79]}], 'symbols': [], 'user_mentions': [{'screen_name': 'netflix', 'name': 'Netflix', 'id': 16573941, 'id_str': '16573941', 'indices': [22, 30]}], 'urls': []}"
2022-09-12 23:00:31+00:00,87583,Twitter Media Studio,A word of advice for tonight‚Äôs #Emmys nominees: https://t.co/Ef2IL0rFlO,,10188,"{'hashtags': [{'text': 'Emmys', 'indices': [31, 37]}], 'symbols': [], 'user_mentions': [], 'urls': [], 'media': [{'id': 1569432565102317575, 'id_str': '1569432565102317575', 'indices': [48, 71], 'media_url': 'http://pbs.twimg.com/media/FcfOzcCagAATT2r.jpg', 'media_url_https': 'https://pbs.twimg.com/media/FcfOzcCagAATT2r.jpg', 'url': 'https://t.co/Ef2IL0rFlO', 'display_url': 'pic.twitter.com/Ef2IL0rFlO', 'expanded_url': 'https://twitter.com/wednesdayaddams/status/1569460979993387012/video/1', 'type': 'photo', 'sizes': {'medium': {'w': 1200, 'h': 1196, 'resize': 'fit'}, 'thumb': {'w': 150, 'h': 150, 'resize': 'crop'}, 'small': {'w': 680, 'h': 678, 'resize': 'fit'}, 'large': {'w': 2048, 'h': 2042, 'resize': 'fit'}}}]}"
2022-08-17 21:12:16+00:00,1281,Twitter Web App,"""Interesting"" is one way to put it. Others: deranged, twisted and full of dark turns - like when the carousel brake‚Ä¶ https://t.co/zDdZct9puH",,100,"{'hashtags': [], 'symbols': [], 'user_mentions': [], 'urls': [{'url': 'https://t.co/zDdZct9puH', 'expanded_url': 'https://twitter.com/i/web/status/1560011651822170112', 'display_url': 'twitter.com/i/web/status/1‚Ä¶', 'indices': [117, 140]}]}"
2022-08-17 17:34:49+00:00,1394,Twitter Web App,"Release date? No idea. I swear on Pugley's grave, which I've freshly dug. https://t.co/1ROSE6mvcs",,90,"{'hashtags': [], 'symbols': [], 'user_mentions': [], 'urls': [{'url': 'https://t.co/1ROSE6mvcs', 'expanded_url': 'https://twitter.com/daminionbob/status/1559930354877845504', 'display_url': 'twitter.com/daminionbob/st‚Ä¶', 'indices': [74, 97]}]}"
2022-08-17 14:57:12+00:00,99221,Twitter Media Studio,"This teaser is full of my favorite things - mystery, mayhem and murder. https://t.co/Bho1j7Lj7I",,20576,"{'hashtags': [], 'symbols': [], 'user_mentions': [], 'urls': [], 'media': [{'id': 1559915476351717377, 'id_str': '1559915476351717377', 'indices': [72, 95], 'media_url': 'http://pbs.twimg.com/media/FaXwZvxUEAAOS5r.jpg', 'media_url_https': 'https://pbs.twimg.com/media/FaXwZvxUEAAOS5r.jpg', 'url': 'https://t.co/Bho1j7Lj7I', 'display_url': 'pic.twitter.com/Bho1j7Lj7I', 'expanded_url': 'https://twitter.com/wednesdayaddams/status/1559917264698085377/video/1', 'type': 'photo', 'sizes': {'small': {'w': 680, 'h': 366, 'resize': 'fit'}, 'thumb': {'w': 150, 'h': 150, 'resize': 'crop'}, 'large': {'w': 2048, 'h': 1104, 'resize': 'fit'}, 'medium': {'w': 1200, 'h': 647, 'resize': 'fit'}}}]}"
2022-08-16 21:46:54+00:00,78,Twitter Web App,@File22_gal Fair point. Respect.,,3,"{'hashtags': [], 'symbols': [], 'user_mentions': [{'screen_name': 'File22_gal', 'name': 'Lauren', 'id': 1341654107635871745, 'id_str': '1341654107635871745', 'indices': [0, 11]}], 'urls': []}"
2022-08-16 17:05:23+00:00,7838,Twitter Web App,Shortly after this photo was taken I tested my antique limb stretcher on Pugsley. Little to no growth so far. https://t.co/MO2Kot4feE,,1303,"{'hashtags': [], 'symbols': [], 'user_mentions': [], 'urls': [], 'media': [{'id': 1559586941191876608, 'id_str': '1559586941191876608', 'indices': [110, 133], 'media_url': 'http://pbs.twimg.com/media/FaTED1oUcAAEs5x.jpg', 'media_url_https': 'https://pbs.twimg.com/media/FaTED1oUcAAEs5x.jpg', 'url': 'https://t.co/MO2Kot4feE', 'display_url': 'pic.twitter.com/MO2Kot4feE', 'expanded_url': 'https://twitter.com/wednesdayaddams/status/1559587133945286657/photo/1', 'type': 'photo', 'sizes': {'thumb': {'w': 150, 'h': 150, 'resize': 'crop'}, 'medium': {'w': 800, 'h': 1200, 'resize': 'fit'}, 'large': {'w': 1365, 'h': 2048, 'resize': 'fit'}, 'small': {'w': 453, 'h': 680, 'resize': 'fit'}}}]}"
2022-06-16 20:59:58+00:00,58,Twitter Web App,"@SlimNSoft On behalf of Netflix and Netflix only, thanks.",,3,"{'hashtags': [], 'symbols': [], 'user_mentions': [{'screen_name': 'SlimNSoft', 'name': 'üåô Dani', 'id': 16879574, 'id_str': '16879574', 'indices': [0, 10]}], 'urls': []}"
2022-06-16 18:54:26+00:00,3941,Twitter Web App,Help me understand. https://t.co/DGgZIk4dij,,353,"{'hashtags': [], 'symbols': [], 'user_mentions': [], 'urls': [{'url': 'https://t.co/DGgZIk4dij', 'expanded_url': 'https://twitter.com/wbpictures/status/1537102719525081089', 'display_url': 'twitter.com/wbpictures/sta‚Ä¶', 'indices': [20, 43]}]}"
2022-06-06 17:50:57+00:00,2813,Twitter Web App,It seems I am trending. While I have your attention - anyone have a guillotine I can borrow this weekend.,,269,"{'hashtags': [], 'symbols': [], 'user_mentions': [], 'urls': []}"
2022-06-06 17:15:17+00:00,947,Twitter Web App,My lips are sealed. Thing did a surprisingly adequate job with the needle and thread. https://t.co/Kda08AH0gl,,55,"{'hashtags': [], 'symbols': [], 'user_mentions': [], 'urls': [{'url': 'https://t.co/Kda08AH0gl', 'expanded_url': 'https://twitter.com/enoughformeliv/status/1533846964172951552', 'display_url': 'twitter.com/enoughformeliv‚Ä¶', 'indices': [86, 109]}]}"
2022-06-06 17:14:58+00:00,649,Twitter Web App,I‚Äôve sent Thing to fetch the smelling salts. https://t.co/BzRSeZY9Pf,,34,"{'hashtags': [], 'symbols': [], 'user_mentions': [], 'urls': [{'url': 'https://t.co/BzRSeZY9Pf', 'expanded_url': 'https://twitter.com/WandinhaBrasil/status/1533847058729385985', 'display_url': 'twitter.com/WandinhaBrasil‚Ä¶', 'indices': [45, 68]}]}"
2022-06-06 17:14:32+00:00,893,Twitter Web App,I love the smell of hostility in the morning. https://t.co/Jsbt3OUbew,,59,"{'hashtags': [], 'symbols': [], 'user_mentions': [], 'urls': [{'url': 'https://t.co/Jsbt3OUbew', 'expanded_url': 'https://twitter.com/_Potter_Head7_/status/1533845110303391745', 'display_url': 'twitter.com/_Potter_Head7_‚Ä¶', 'indices': [46, 69]}]}"
2022-06-06 16:14:02+00:00,1109,Twitter Web App,Your wait will be quite painful. I envy you. https://t.co/XFpAJdLLiM,,70,"{'hashtags': [], 'symbols': [], 'user_mentions': [], 'urls': [{'url': 'https://t.co/XFpAJdLLiM', 'expanded_url': 'https://twitter.com/minorusbtch/status/1533842461461815303', 'display_url': 'twitter.com/minorusbtch/st‚Ä¶', 'indices': [45, 68]}]}"
2022-06-06 16:02:48+00:00,30727,Twitter Media Studio,Family life is killing me. Time to lose the dead weight. https://t.co/NlkAH8YVSO,,7430,"{'hashtags': [], 'symbols': [], 'user_mentions': [], 'urls': [], 'media': [{'id': 1533830584320921601, 'id_str': '1533830584320921601', 'indices': [57, 80], 'media_url': 'http://pbs.twimg.com/media/FUlDUhVUUAAgEQ7.jpg', 'media_url_https': 'https://pbs.twimg.com/media/FUlDUhVUUAAgEQ7.jpg', 'url': 'https://t.co/NlkAH8YVSO', 'display_url': 'pic.twitter.com/NlkAH8YVSO', 'expanded_url': 'https://twitter.com/wednesdayaddams/status/1533841848061464577/video/1', 'type': 'photo', 'sizes': {'thumb': {'w': 150, 'h': 150, 'resize': 'crop'}, 'medium': {'w': 1200, 'h': 675, 'resize': 'fit'}, 'small': {'w': 680, 'h': 383, 'resize': 'fit'}, 'large': {'w': 1280, 'h': 720, 'resize': 'fit'}}}]}"
2022-06-01 20:04:52+00:00,1032,Twitter Web App,"Your compliments make me nauseous, and not in a good way. https://t.co/NQQN4VVECm",,69,"{'hashtags': [], 'symbols': [], 'user_mentions': [], 'urls': [{'url': 'https://t.co/NQQN4VVECm', 'expanded_url': 'https://twitter.com/fleMitchfilm/status/1532072298936926210', 'display_url': 'twitter.com/fleMitchfilm/s‚Ä¶', 'indices': [58, 81]}]}"
2022-06-01 18:35:16+00:00,995,Twitter Web App,You should try apathy sometime. It‚Äôs freeing. https://t.co/TMgUx0jrhE,,101,"{'hashtags': [], 'symbols': [], 'user_mentions': [], 'urls': [{'url': 'https://t.co/TMgUx0jrhE', 'expanded_url': 'https://twitter.com/minorusbtch/status/1532050356913459204', 'display_url': 'twitter.com/minorusbtch/st‚Ä¶', 'indices': [46, 69]}]}"
2022-06-01 17:28:41+00:00,854,Twitter Web App,"Whenever I need to relax, I simply spend a few hours at the county morgue. You should try it. https://t.co/qbJmwPCC1N",,64,"{'hashtags': [], 'symbols': [], 'user_mentions': [], 'urls': [{'url': 'https://t.co/qbJmwPCC1N', 'expanded_url': 'https://twitter.com/jennaortegabra/status/1532044430215102464', 'display_url': 'twitter.com/jennaortegabra‚Ä¶', 'indices': [94, 117]}]}"
2022-06-01 17:25:08+00:00,656,Twitter Web App,I see what you did there. https://t.co/kapipnlSgs,,36,"{'hashtags': [], 'symbols': [], 'user_mentions': [], 'urls': [{'url': 'https://t.co/kapipnlSgs', 'expanded_url': 'https://twitter.com/NetflixGeeked/status/1532044553078771713', 'display_url': 'twitter.com/NetflixGeeked/‚Ä¶', 'indices': [26, 49]}]}"
2022-06-01 17:10:14+00:00,1001,Twitter Web App,I would feel gratitude but I‚Äôm dead inside. https://t.co/0wlzBo2wNu,,99,"{'hashtags': [], 'symbols': [], 'user_mentions': [], 'urls': [{'url': 'https://t.co/0wlzBo2wNu', 'expanded_url': 'https://twitter.com/netflix/status/1532044302972465152', 'display_url': 'twitter.com/netflix/status‚Ä¶', 'indices': [44, 67]}]}"
2022-06-01 16:55:00+00:00,6695,Twitter Media Studio,Enjoy this marketing ploy. https://t.co/RBgB7TrV6K,,1552,"{'hashtags': [], 'symbols': [], 'user_mentions': [], 'urls': [], 'media': [{'id': 1532039777045753856, 'id_str': '1532039777045753856', 'indices': [27, 50], 'media_url': 'http://pbs.twimg.com/media/FULmx3gUsAArcAW.jpg', 'media_url_https': 'https://pbs.twimg.com/media/FULmx3gUsAArcAW.jpg', 'url': 'https://t.co/RBgB7TrV6K', 'display_url': 'pic.twitter.com/RBgB7TrV6K', 'expanded_url': 'https://twitter.com/wednesdayaddams/status/1532043043750166528/video/1', 'type': 'photo', 'sizes': {'thumb': {'w': 150, 'h': 150, 'resize': 'crop'}, 'small': {'w': 680, 'h': 680, 'resize': 'fit'}, 'medium': {'w': 1200, 'h': 1200, 'resize': 'fit'}, 'large': {'w': 1500, 'h': 1500, 'resize': 'fit'}}}]}"
2022-06-01 16:00:07+00:00,4399,Twitter Web App,I‚Äôve started this account as an experiment in sadism. Thing tells me Twitter is the most effective place to feel pa‚Ä¶ https://t.co/hwqyJiRyhF,,796,"{'hashtags': [], 'symbols': [], 'user_mentions': [], 'urls': [{'url': 'https://t.co/hwqyJiRyhF', 'expanded_url': 'https://twitter.com/i/web/status/1532029232301236224', 'display_url': 'twitter.com/i/web/status/1‚Ä¶', 'indices': [117, 140]}]}"
